,,,,,,,,,,,,,,,,,,,,,,,,,,,,,,,,,
,,,,,,,,,,,,,,,,,,,,,,,,,,,,,,,,,
,No,Nama Produk ,QTY,,,,,,,,,,,,,,,,,,,,,,,,,,,,,,
,,5 Liter,1,2,3,4,5,6,7,8,9,10,11,12,13,14,15,16,17,18,19,20,21,22,23,24,25,26,27,28,29,30,31
,1,Karbol Sereh,,,,,,,,,,,,,,,,,,,,,,,,,,,,,,,
,2,Detergen ,,,,,,,,,,,,,,,,,,,,,,,,,,,,,,,
,3,Piring,,,,,,,,,,,,,,,,,,,,,,,,,,,,,,,
,4,Tangan ,,,,,,,,,,,,,,,,,,,,,,,,,,,,,,,
,5,Lantai ,,,,,,,,,,,,,,,,,,,,,,,,,,,,,,,
,6,Softener,,,,,,,,,,,,,,,,,,,,,,,,,,,,,,,
,7,Pinus,,,,,,,,,,,,,,,,,,,,,,,,,,,,,,,
,8,Shampo 5Liter,,,,,,,,,,,,,,,,,,,,,,,,,,,,,,,
,9,Semir Ban 5Liter,,,,,,,,,,,,,,,,,,,,,,,,,,,,,,,
,10,Kaca ,,,,,,,,,,,,,,,,,,,,,,,,,,,,,,,
,11,Piring Lemon ,,,,,,,,,,,,,,,,,,,,,,,,,,,,,,,
,12,Parfum Sakura,,,,,,,,,,,,,,,,,,,,,,,,,,,,,,,
,13,Parfum Sweety ,,,,,,,,,,,,,,,,,,,,,,,,,,,,,,,
,,1 Liter,,,,,,,,,,,,,,,,,,,,,,,,,,,,,,,
,1,Semir Ban ,,,,,,,,,,,,,,,,,,,,,,,,,,,,,,,
,2,Kerak,,,,,,,,,,,,,,,,,,,,,,,,,,,,,,,
,3,Pelicin Sakura,,,,,,,,,,,,,,,,,,,,,,,,,,,,,,,
,4,Pelicin Sweety,,,,,,,,,,,,,,,,,,,,,,,,,,,,,,,
,5,Parfum Sakura,,,,,,,,,,,,,,,,,,,,,,,,,,,,,,,
,6,Parfum Sweety ,,,,,,,,,,,,,,,,,,,,,,,,,,,,,,,
,7,Parfum Karpet Sakura,,,,,,,,,,,,,,,,,,,,,,,,,,,,,,,
,8,Parfum Karpet Lily,,,,,,,,,,,,,,,,,,,,,,,,,,,,,,,
,,20 Liter,,,,,,,,,,,,,,,,,,,,,,,,,,,,,,,
,1,Sereh ,,,,,,,,,,,,,,,,,,,,,,,,,,,,,,,
,2,Detergen ,,,,,,,,,,,,,,,,,,,,,,,,,,,,,,,
,3,Piring ,,,,,,,,,,,,,,,,,,,,,,,,,,,,,,,
,4,Tangan ,,,,,,,,,,,,,,,,,,,,,,,,,,,,,,,
,5,Lantai ,,,,,,,,,,,,,,,,,,,,,,,,,,,,,,,
,6,Shampo ,,,,,,,,,,,,,,,,,,,,,,,,,,,,,,,
,7,Semir Ban ,,,,,,,,,,,,,,,,,,,,,,,,,,,,,,,
